{
  "F1": 90.30631533143486,
  "IoU": 82.325901991798,
  "Precision": 88.48233162708894,
  "Recall": 92.20708140316877,
  "OA": 99.30155270341514,
  "Kappa": 89.94420010163843,
  "TP": 5884667,
  "FP": 766002,
  "FN": 497345,
  "TN": 173731346,
  "num_samples": 690,
  "config": {
    "run_id": "20260518_164714",
    "dataset": "whucd",
    "mode": "bcd",
    "change_threshold": 0.35,
    "presence_alpha": 1.5,
    "confidence_threshold": 0.3,
    "use_presence": true,
    "slide_stride": 0,
    "slide_crop": 0,
    "postprocess": "BDWCD",
    "num_classes": 2,
    "class_names": [
      "ground,road,vegetation",
      "building,roof,house"
    ],
    "elapsed_seconds": 645.1174900531769,
    "num_samples": 690,
    "num_samples_total": 690,
    "num_samples_skipped_no_playground": 0,
    "debug_playground_only": false
  }
}