{
  "IoU_cls1": 26.09206427118309,
  "F1_cls1": 41.38573576695125,
  "Precision_cls1": 36.0249218015923,
  "Recall_cls1": 48.620944808447376,
  "IoU_cls2": 34.798153024633514,
  "F1_cls2": 51.630014571897554,
  "Precision_cls2": 54.6524732751516,
  "Recall_cls2": 48.924340173349606,
  "IoU_cls3": 27.954609413246594,
  "F1_cls3": 43.69457191333128,
  "Precision_cls3": 51.30991588007199,
  "Recall_cls3": 38.047601573878396,
  "IoU_cls4": 19.385318998773275,
  "F1_cls4": 32.475214140814856,
  "Precision_cls4": 30.546718901602805,
  "Recall_cls4": 34.663620262794325,
  "IoU_cls5": 59.1229283933297,
  "F1_cls5": 74.31101097785991,
  "Precision_cls5": 75.78968002289163,
  "Recall_cls5": 72.88893592431654,
  "IoU_cls6": 24.740216071042102,
  "F1_cls6": 39.666784057760566,
  "Precision_cls6": 32.32923078653076,
  "Recall_cls6": 51.312946703064775,
  "mIoU": 32.015548362034714,
  "mF1": 47.1938885714359,
  "num_samples": 1694,
  "config": {
    "run_id": "20260518_164629",
    "dataset": "second_raw",
    "mode": "per_class_bcd",
    "change_threshold": 0.5,
    "presence_alpha": 1.0,
    "confidence_threshold": 0.4,
    "use_presence": true,
    "slide_stride": 0,
    "slide_crop": 0,
    "postprocess": "BDWCD",
    "num_classes": 7,
    "class_names": [
      "background",
      "water,river,lake,pond,reservoir,stream",
      "bare ground,bare soil,barren,dirt,sand",
      "low vegetation,grass,lawn,shrub,grassland,meadow",
      "tree,trees,forest,woodland,canopy,grove",
      "building,roof,house,structure",
      "sports field,running track,athletic track,stadium"
    ],
    "elapsed_seconds": 6862.240295886993,
    "num_samples": 1694,
    "num_samples_total": 1694,
    "num_samples_skipped_no_playground": 0,
    "debug_playground_only": false
  }
}